file_name,AR,date,control_or_sample,replicate,micr_replicate,,,,,,,,,,,,,,,,,
100520_syto_sypro_conA_AR1_1.czi,1,100520,sample,A,1,,,,,,,,,,,,,,,,,
100520_syto_sypro_conA_AR1_2.czi,1,100520,sample,A,2,,,,,,,,,,,,,,,,,
100520_syto_sypro_conA_AR1_3.czi,1,100520,sample,A,3,,,,,,,,,,,,,,,,,
100520_syto_sypro_conA_AR1_4.czi,1,100520,sample,A,4,,,,,,,,,,,,,,,,,
100520_syto_sypro_conA_AR1_5.czi,1,100520,sample,A,5,,,,,,,,,,,,,,,,,
100520_syto_sypro_conA_AR1_6.czi,1,100520,sample,A,6,,,,,,,,,,,,,,,,,
100520_syto_sypro_conA_AR1_7.czi,1,100520,sample,A,7,,,,,,,,,,,,,,,,,
100520_syto_sypro_conA_AR2_1.czi,2,100520,sample,A,1,,,,,,,,,,,,,,,,,
100520_syto_sypro_conA_AR2_2.czi,2,100520,sample,A,2,,,,,,,,,,,,,,,,,
100520_syto_sypro_conA_AR2_3.czi,2,100520,sample,A,3,,,,,,,,,,,,,,,,,
100520_syto_sypro_conA_AR2_4.czi,2,100520,sample,A,4,,,,,,,,,,,,,,,,,
100520_syto_sypro_conA_AR2_5.czi,2,100520,sample,A,5,,,,,,,,,,,,,,,,,
100520_syto_sypro_conA_AR2_6.czi,2,100520,sample,A,6,,,,,,,,,,,,,,,,,
100520_syto_sypro_conA_AR3_1.czi,3,100520,sample,A,1,,,,,,,,,,,,,,,,,
100520_syto_sypro_conA_AR3_4.czi,3,100520,sample,A,4,,,,,,,,,,,,,,,,,
100520_syto_sypro_conA_AR3_5.czi,3,100520,sample,A,5,,,,,,,,,,,,,,,,,
100520_syto_sypro_conA_AR3_6.czi,3,100520,sample,A,6,,,,,,,,,,,,,,,,,
100520_syto_sypro_conA_AR4_1.czi,4,100520,sample,A,1,,,,,,,,,,,,,,,,,
100520_syto_sypro_conA_AR4_2.czi,4,100520,sample,A,2,,,,,,,,,,,,,,,,,
100520_syto_sypro_conA_AR4_3.czi,4,100520,sample,A,3,,,,,,,,,,,,,,,,,
100520_syto_sypro_conA_AR4_4.czi,4,100520,sample,A,4,,,,,,,,,,,,,,,,,
100520_syto_sypro_conA_AR4_5.czi,4,100520,sample,A,5,,,,,,,,,,,,,,,,,
100520_syto_sypro_conA_AR4_6.czi,4,100520,sample,A,6,,,,,,,,,,,,,,,,,
100520_syto_sypro_conA_AR5_1.czi,5,100520,sample,A,1,,,,,,,,,,,,,,,,,
100520_syto_sypro_conA_AR5_2.czi,5,100520,sample,A,2,,,,,,,,,,,,,,,,,
100520_syto_sypro_conA_AR5_3.czi,5,100520,sample,A,3,,,,,,,,,,,,,,,,,
100520_syto_sypro_conA_AR5_4.czi,5,100520,sample,A,4,,,,,,,,,,,,,,,,,
100520_syto_sypro_conA_AR5_5.czi,5,100520,sample,A,5,,,,,,,,,,,,,,,,,
100520_syto_sypro_conA_AR5_6.czi,5,100520,sample,A,6,,,,,,,,,,,,,,,,,
100520_syto_sypro_conA_AR6_1.czi,6,100520,sample,A,1,,,,,,,,,,,,,,,,,
100520_syto_sypro_conA_AR6_2.czi,6,100520,sample,A,2,,,,,,,,,,,,,,,,,
100520_syto_sypro_conA_blank_1.czi,control,100520,discard,A,1,,,,,,,,,,,,,,,,,
100520_syto_sypro_conA_blank_2.czi,control,100520,discard,A,2,,,,,,,,,,,,,,,,,
100520_syto_sypro_conA_blank_3.czi,control,100520,discard,A,3,,,,,,,,,,,,,,,,,
100520_syto_sypro_conA_blank_4.czi,control,100520,discard,A,4,,,,,,,,,,,,,,,,,
101920_conA_blank_1.czi,control,101920,control,A,1,,,,,,,,,,,,,,,,,
101920_conA_blank_2.czi,control,101920,control,A,2,,,,,,,,,,,,,,,,,
101920_conA_blank_3.czi,control,101920,control,A,3,,,,,,,,,,,,,,,,,
101920_conA_blank_4.czi,control,101920,control,A,4,,,,,,,,,,,,,,,,,
101920_conA_blank_5.czi,control,101920,control,A,5,,,,,,,,,,,,,,,,,
101920_conA_blank_6.czi,control,101920,control,A,6,,,,,,,,,,,,,,,,,
101920_nodye_blank_1.czi,control,101920,control,A,1,,,,,,,,,,,,,,,,,
101920_nodye_blank_2.czi,control,101920,control,A,2,,,,,,,,,,,,,,,,,
101920_nodye_blank_3.czi,control,101920,control,A,3,,,,,,,,,,,,,,,,,
101920_nodye_blank_4.czi,control,101920,control,A,4,,,,,,,,,,,,,,,,,
101920_nodye_blank_5.czi,control,101920,control,A,5,,,,,,,,,,,,,,,,,
101920_nodye_blank_6.czi,control,101920,control,A,6,,,,,,,,,,,,,,,,,
101920_sypro_blank_1.czi,control,101920,control,A,1,,,,,,,,,,,,,,,,,
101920_sypro_blank_2.czi,control,101920,control,A,2,,,,,,,,,,,,,,,,,
101920_sypro_blank_3.czi,control,101920,control,A,3,,,,,,,,,,,,,,,,,
101920_sypro_blank_4.czi,control,101920,control,A,4,,,,,,,,,,,,,,,,,
101920_sypro_blank_5.czi,control,101920,control,A,5,,,,,,,,,,,,,,,,,
101920_sypro_blank_6.czi,control,101920,control,A,6,,,,,,,,,,,,,,,,,
101920_sypro_blank_7_bubble.czi,control,101920,discard,A,7,,,,,,,,,,,,,,,,,
101920_syto_blank_1.czi,control,101920,control,A,1,,,,,,,,,,,,,,,,,
101920_syto_blank_2.czi,control,101920,control,A,2,,,,,,,,,,,,,,,,,
101920_syto_blank_3.czi,control,101920,control,A,3,,,,,,,,,,,,,,,,,
101920_syto_blank_4.czi,control,101920,control,A,4,,,,,,,,,,,,,,,,,
101920_syto_blank_5.czi,control,101920,control,A,5,,,,,,,,,,,,,,,,,
101920_syto_blank_6.czi,control,101920,control,A,6,,,,,,,,,,,,,,,,,
101920_syto_sypro_conA_blank_1.czi,control,101920,control,A,1,,,,,,,,,,,,,,,,,
101920_syto_sypro_conA_blank_2.czi,control,101920,control,A,2,,,,,,,,,,,,,,,,,
101920_syto_sypro_conA_blank_3.czi,control,101920,control,A,3,,,,,,,,,,,,,,,,,
101920_syto_sypro_conA_blank_4.czi,control,101920,control,A,4,,,,,,,,,,,,,,,,,
101920_syto_sypro_conA_blank_5.czi,control,101920,control,A,5,,,,,,,,,,,,,,,,,
101920_syto_sypro_conA_blank_6.czi,control,101920,control,A,6,,,,,,,,,,,,,,,,,
101920_syto_sypro_conA_blank_7.czi,control,101920,discard,A,7,,,,,,,,,,,,,,,,,
101920_syto_sypro_conA_blank_8.czi,control,101920,discard,A,8,,,,,,,,,,,,,,,,,
102020_syto_sypro_conA_AR1_1_A.czi,1,102020,sample,A,1,,,,,,,,,,,,,,,,,
102020_syto_sypro_conA_AR1_1_C.czi,1,102020,sample,C,1,,,,,,,,,,,,,,,,,
102020_syto_sypro_conA_AR1_2_A.czi,1,102020,sample,A,2,,,,,,,,,,,,,,,,,
102020_syto_sypro_conA_AR1_2_C.czi,1,102020,sample,C,2,,,,,,,,,,,,,,,,,
102020_syto_sypro_conA_AR1_3_A.czi,1,102020,sample,A,3,,,,,,,,,,,,,,,,,
102020_syto_sypro_conA_AR1_3_C.czi,1,102020,sample,C,3,,,,,,,,,,,,,,,,,
102020_syto_sypro_conA_AR1_4_A.czi,1,102020,sample,A,4,,,,,,,,,,,,,,,,,
102020_syto_sypro_conA_AR1_4_C.czi,1,102020,sample,C,4,,,,,,,,,,,,,,,,,
102020_syto_sypro_conA_AR1_5_A.czi,1,102020,sample,A,5,,,,,,,,,,,,,,,,,
102020_syto_sypro_conA_AR1_5_C.czi,1,102020,sample,C,5,,,,,,,,,,,,,,,,,
102020_syto_sypro_conA_AR1_6_A.czi,1,102020,sample,A,6,,,,,,,,,,,,,,,,,
102020_syto_sypro_conA_AR1_6_C.czi,1,102020,sample,C,6,,,,,,,,,,,,,,,,,
102020_syto_sypro_conA_AR2_1_A.czi,2,102020,sample,A,1,,,,,,,,,,,,,,,,,
102020_syto_sypro_conA_AR2_2_A.czi,2,102020,sample,A,2,,,,,,,,,,,,,,,,,
102020_syto_sypro_conA_AR2_3_A.czi,2,102020,sample,A,3,,,,,,,,,,,,,,,,,
102020_syto_sypro_conA_AR2_4_A.czi,2,102020,sample,A,4,,,,,,,,,,,,,,,,,
102020_syto_sypro_conA_AR2_5_A.czi,2,102020,sample,A,5,,,,,,,,,,,,,,,,,
102020_syto_sypro_conA_AR2_6_A.czi,2,102020,sample,A,6,,,,,,,,,,,,,,,,,
102020_syto_sypro_conA_AR3_1_A.czi,3,102020,sample,A,1,,,,,,,,,,,,,,,,,
102020_syto_sypro_conA_AR3_1_B.czi,3,102020,sample,B,1,,,,,,,,,,,,,,,,,
102020_syto_sypro_conA_AR3_1_C.czi,3,102020,sample,C,1,,,,,,,,,,,,,,,,,
102020_syto_sypro_conA_AR3_2_A.czi,3,102020,sample,A,2,,,,,,,,,,,,,,,,,
102020_syto_sypro_conA_AR3_2_B.czi,3,102020,sample,B,2,,,,,,,,,,,,,,,,,
102020_syto_sypro_conA_AR3_2_C.czi,3,102020,sample,C,2,,,,,,,,,,,,,,,,,
102020_syto_sypro_conA_AR3_3_A.czi,3,102020,sample,A,3,,,,,,,,,,,,,,,,,
102020_syto_sypro_conA_AR3_3_B.czi,3,102020,sample,B,3,,,,,,,,,,,,,,,,,
102020_syto_sypro_conA_AR3_3_C.czi,3,102020,sample,C,3,,,,,,,,,,,,,,,,,
102020_syto_sypro_conA_AR3_4_A.czi,3,102020,sample,A,4,,,,,,,,,,,,,,,,,
102020_syto_sypro_conA_AR3_4_B.czi,3,102020,sample,B,4,,,,,,,,,,,,,,,,,
102020_syto_sypro_conA_AR3_4_C.czi,3,102020,sample,C,4,,,,,,,,,,,,,,,,,
102020_syto_sypro_conA_AR3_5_A.czi,3,102020,sample,A,5,,,,,,,,,,,,,,,,,
102020_syto_sypro_conA_AR3_5_B.czi,3,102020,sample,B,5,,,,,,,,,,,,,,,,,
102020_syto_sypro_conA_AR3_5_C.czi,3,102020,sample,C,5,,,,,,,,,,,,,,,,,
102020_syto_sypro_conA_AR3_6_A.czi,3,102020,sample,A,6,,,,,,,,,,,,,,,,,
102020_syto_sypro_conA_AR3_6_B.czi,3,102020,sample,B,6,,,,,,,,,,,,,,,,,
102020_syto_sypro_conA_AR3_6_C.czi,3,102020,sample,C,6,,,,,,,,,,,,,,,,,
102020_syto_sypro_conA_AR4_1_A.czi,4,102020,sample,A,1,,,,,,,,,,,,,,,,,
102020_syto_sypro_conA_AR4_2_A.czi,4,102020,sample,A,2,,,,,,,,,,,,,,,,,
102020_syto_sypro_conA_AR4_3_A.czi,4,102020,sample,A,3,,,,,,,,,,,,,,,,,
102020_syto_sypro_conA_AR4_4_A.czi,4,102020,sample,A,4,,,,,,,,,,,,,,,,,
102020_syto_sypro_conA_AR4_5_A.czi,4,102020,sample,A,5,,,,,,,,,,,,,,,,,
102020_syto_sypro_conA_AR4_6_A.czi,4,102020,sample,A,6,,,,,,,,,,,,,,,,,
102020_syto_sypro_conA_AR5_1_A.czi,5,102020,sample,A,1,,,,,,,,,,,,,,,,,
102020_syto_sypro_conA_AR5_2_A.czi,5,102020,sample,A,2,,,,,,,,,,,,,,,,,
102020_syto_sypro_conA_AR5_3_A.czi,5,102020,sample,A,3,,,,,,,,,,,,,,,,,
102020_syto_sypro_conA_AR5_4_A.czi,5,102020,sample,A,4,,,,,,,,,,,,,,,,,
102020_syto_sypro_conA_AR5_5_A.czi,5,102020,sample,A,5,,,,,,,,,,,,,,,,,
102020_syto_sypro_conA_AR5_6_A.czi,5,102020,sample,A,6,,,,,,,,,,,,,,,,,
121520_control_conA_1.czi,control,121520,discard,A,1,,,,,,,,,,,,,,,,,
121520_control_conA_2.czi,control,121520,discard,A,2,,,,,,,,,,,,,,,,,
121520_control_conA_3.czi,control,121520,discard,A,3,,,,,,,,,,,,,,,,,
121520_control_conA_4.czi,control,121520,discard,A,4,,,,,,,,,,,,,,,,,
121520_control_conA_5.czi,control,121520,discard,A,5,,,,,,,,,,,,,,,,,
121520_control_nodye_1.czi,control,121520,discard,A,1,,,,,,,,,,,,,,,,,
121520_control_nodye_2.czi,control,121520,discard,A,2,,,,,,,,,,,,,,,,,
121520_control_sypro_1.czi,control,121520,discard,A,1,,,,,,,,,,,,,,,,,
121520_control_sypro_2.czi,control,121520,discard,A,2,,,,,,,,,,,,,,,,,
121520_control_sypro_3.czi,control,121520,discard,A,3,,,,,,,,,,,,,,,,,
121520_control_sypro_4.czi,control,121520,discard,A,4,,,,,,,,,,,,,,,,,
121520_control_sypro_5.czi,control,121520,discard,A,5,,,,,,,,,,,,,,,,,
121520_control_sypro_6.czi,control,121520,discard,A,6,,,,,,,,,,,,,,,,,
121520_control_syto_1.czi,control,121520,discard,A,1,,,,,,,,,,,,,,,,,
121520_control_syto_2.czi,control,121520,discard,A,2,,,,,,,,,,,,,,,,,
121520_control_syto_3.czi,control,121520,discard,A,3,,,,,,,,,,,,,,,,,
121520_control_syto_4.czi,control,121520,discard,A,4,,,,,,,,,,,,,,,,,
121520_control_syto_5.czi,control,121520,discard,A,5,,,,,,,,,,,,,,,,,
121520_slidecontrol_syto_sypro_conA_1.czi,control,121520,discard,A,1,,,,,,,,,,,,,,,,,
121520_slidecontrol_syto_sypro_conA_2.czi,control,121520,discard,A,2,,,,,,,,,,,,,,,,,
121520_slidecontrol_syto_sypro_conA_3.czi,control,121520,discard,A,3,,,,,,,,,,,,,,,,,
121520_slidecontrol_syto_sypro_conA_4.czi,control,121520,discard,A,4,,,,,,,,,,,,,,,,,
121520_slidecontrol_syto_sypro_conA_5.czi,control,121520,discard,A,5,,,,,,,,,,,,,,,,,
19_1121_AR4_conA_Syto_sypro_1.czi,4,112119,sample,A,1,,,,,,,,,,,,,,,,,
19_1121_AR4_conA_Syto_sypro_2.czi,4,112119,sample,A,2,,,,,,,,,,,,,,,,,
19_1121_AR4_conA_Syto_sypro_3.czi,4,112119,sample,A,3,,,,,,,,,,,,,,,,,
19_1121_AR4_conA_Syto_sypro_4.czi,4,112119,sample,A,4,,,,,,,,,,,,,,,,,
19_1121_AR4_conA_Syto_sypro_5.czi,4,112119,sample,A,5,,,,,,,,,,,,,,,,,
19_1121_AR4_conA_Syto_sypro_6.czi,4,112119,sample,A,6,,,,,,,,,,,,,,,,,
19_1121_AR4_conA_Syto_sypro_7.czi,4,112119,sample,A,7,,,,,,,,,,,,,,,,,
19_1121_AR5_conA_Syto_sypro_1.czi,5,112119,sample,A,1,,,,,,,,,,,,,,,,,
19_1121_AR5_conA_Syto_sypro_2.czi,5,112119,sample,A,2,,,,,,,,,,,,,,,,,
19_1121_AR5_conA_Syto_sypro_3.czi,5,112119,sample,A,3,,,,,,,,,,,,,,,,,
19_1121_AR5_conA_Syto_sypro_4.czi,5,112119,sample,A,4,,,,,,,,,,,,,,,,,
19_1121_AR5_conA_Syto_sypro_5.czi,5,112119,sample,A,5,,,,,,,,,,,,,,,,,
19_1121_AR5_conA_Syto_sypro_6.czi,5,112119,sample,A,6,,,,,,,,,,,,,,,,,
19_1121_AR5_conA_Syto_sypro_7.czi,5,112119,sample,A,7,,,,,,,,,,,,,,,,,
19_1219_AR1_cona_syto_sypro_1.czi,1,121919,sample,A,1,,,,,,,,,,,,,,,,,
19_1219_AR1_cona_syto_sypro_2.czi,1,121919,sample,A,2,,,,,,,,,,,,,,,,,
19_1219_AR1_cona_syto_sypro_3.czi,1,121919,sample,A,3,,,,,,,,,,,,,,,,,
19_1219_AR1_cona_syto_sypro_4.czi,1,121919,sample,A,4,,,,,,,,,,,,,,,,,
19_1219_AR1_cona_syto_sypro_5.czi,1,121919,sample,A,5,,,,,,,,,,,,,,,,,
19_1219_AR1_cona_syto_sypro_6.czi,1,121919,sample,A,6,,,,,,,,,,,,,,,,,
19_1219_AR2_cona_syto_sypro_1.czi,2,121919,sample,A,1,,,,,,,,,,,,,,,,,
19_1219_AR2_cona_syto_sypro_2.czi,2,121919,sample,A,2,,,,,,,,,,,,,,,,,
19_1219_AR2_cona_syto_sypro_3.czi,2,121919,sample,A,3,,,,,,,,,,,,,,,,,
19_1219_AR2_cona_syto_sypro_4.czi,2,121919,sample,A,4,,,,,,,,,,,,,,,,,
19_1219_AR2_cona_syto_sypro_5.czi,2,121919,sample,A,5,,,,,,,,,,,,,,,,,
19_1219_AR2_cona_syto_sypro_6.czi,2,121919,sample,A,6,,,,,,,,,,,,,,,,,
19_1219_AR3_cona_syto_sypro_1.czi,3,121919,sample,A,1,,,,,,,,,,,,,,,,,
19_1219_AR3_cona_syto_sypro_2.czi,3,121919,sample,A,2,,,,,,,,,,,,,,,,,
19_1219_AR3_cona_syto_sypro_3.czi,3,121919,sample,A,3,,,,,,,,,,,,,,,,,
19_1219_AR3_cona_syto_sypro_4.czi,3,121919,sample,A,4,,,,,,,,,,,,,,,,,
19_1219_AR3_cona_syto_sypro_5.czi,3,121919,sample,A,5,,,,,,,,,,,,,,,,,
19_1219_AR3_cona_syto_sypro_6.czi,3,121919,sample,A,6,,,,,,,,,,,,,,,,,
19_1219_AR3_cona_syto_sypro_7.czi,3,121919,sample,A,7,,,,,,,,,,,,,,,,,
19_1219_AR4_cona_syto_sypro_1.czi,4,121919,sample,A,1,,,,,,,,,,,,,,,,,
19_1219_AR4_cona_syto_sypro_2.czi,4,121919,sample,A,2,,,,,,,,,,,,,,,,,
19_1219_AR4_cona_syto_sypro_3.czi,4,121919,sample,A,3,,,,,,,,,,,,,,,,,
19_1219_AR4_cona_syto_sypro_4.czi,4,121919,sample,A,4,,,,,,,,,,,,,,,,,
19_1219_AR4_cona_syto_sypro_5.czi,4,121919,sample,A,5,,,,,,,,,,,,,,,,,
19_1219_AR4_cona_syto_sypro_6.czi,4,121919,sample,A,6,,,,,,,,,,,,,,,,,
19_1219_AR4_cona_syto_sypro_7.czi,4,121919,sample,A,7,,,,,,,,,,,,,,,,,
19_1219_AR5_cona_syto_sypro_1.czi,5,121919,sample,A,1,,,,,,,,,,,,,,,,,
19_1219_AR5_cona_syto_sypro_2.czi,5,121919,sample,A,2,,,,,,,,,,,,,,,,,
19_1219_AR5_cona_syto_sypro_3.czi,5,121919,sample,A,3,,,,,,,,,,,,,,,,,
19_1219_AR5_cona_syto_sypro_4.czi,5,121919,sample,A,4,,,,,,,,,,,,,,,,,
19_1219_AR5_cona_syto_sypro_5.czi,5,121919,sample,A,5,,,,,,,,,,,,,,,,,
19_1219_AR5_cona_syto_sypro_6.czi,5,121919,sample,A,6,,,,,,,,,,,,,,,,,
19_1219_AR5_cona_syto_sypro_7.czi,5,121919,sample,A,7,,,,,,,,,,,,,,,,,
20_0104_AR1_1.czi,1,10420,sample,A,1,,,,,,,,,,,,,,,,,
20_0104_AR1_2.czi,1,10420,sample,A,2,,,,,,,,,,,,,,,,,
20_0104_AR1_3.czi,1,10420,sample,A,3,,,,,,,,,,,,,,,,,
20_0104_AR1_4.czi,1,10420,sample,A,4,,,,,,,,,,,,,,,,,
20_0104_AR1_5.czi,1,10420,sample,A,5,,,,,,,,,,,,,,,,,
20_0104_AR1_6.czi,1,10420,sample,A,6,,,,,,,,,,,,,,,,,
20_0104_AR2_1.czi,2,10420,sample,A,1,,,,,,,,,,,,,,,,,
20_0104_AR2_2.czi,2,10420,sample,A,2,,,,,,,,,,,,,,,,,
20_0104_AR2_3.czi,2,10420,sample,A,3,,,,,,,,,,,,,,,,,
20_0104_AR2_4.czi,2,10420,sample,A,4,,,,,,,,,,,,,,,,,
20_0104_AR2_5.czi,2,10420,sample,A,5,,,,,,,,,,,,,,,,,
20_0104_AR3_1.czi,3,10420,sample,A,1,,,,,,,,,,,,,,,,,
20_0104_AR3_2.czi,3,10420,sample,A,2,,,,,,,,,,,,,,,,,
20_0104_AR3_3.czi,3,10420,sample,A,3,,,,,,,,,,,,,,,,,
20_0104_AR3_4.czi,3,10420,sample,A,4,,,,,,,,,,,,,,,,,
20_0104_AR3_5.czi,3,10420,sample,A,5,,,,,,,,,,,,,,,,,
20_0104_AR4_1.czi,4,10420,sample,A,1,,,,,,,,,,,,,,,,,
20_0104_AR4_2.czi,4,10420,sample,A,2,,,,,,,,,,,,,,,,,
20_0104_AR4_3.czi,4,10420,sample,A,3,,,,,,,,,,,,,,,,,
20_0104_AR4_4.czi,4,10420,sample,A,4,,,,,,,,,,,,,,,,,
20_0104_AR4_5.czi,4,10420,sample,A,5,,,,,,,,,,,,,,,,,
20_0104_AR5_1.czi,5,10420,sample,A,1,,,,,,,,,,,,,,,,,
20_0104_AR5_2.czi,5,10420,sample,A,2,,,,,,,,,,,,,,,,,
20_0104_AR5_3.czi,5,10420,sample,A,3,,,,,,,,,,,,,,,,,
20_0104_AR5_4.czi,5,10420,sample,A,4,,,,,,,,,,,,,,,,,
20_0104_AR5_5.czi,5,10420,sample,A,5,,,,,,,,,,,,,,,,,
20_0221_AR1_1.czi,1,22120,sample,A,1,,,,,,,,,,,,,,,,,
20_0221_AR1_2.czi,1,22120,sample,A,2,,,,,,,,,,,,,,,,,
20_0221_AR1_3.czi,1,22120,sample,A,3,,,,,,,,,,,,,,,,,
20_0221_AR1_4.czi,1,22120,sample,A,4,,,,,,,,,,,,,,,,,
20_0221_AR1_5.czi,1,22120,sample,A,5,,,,,,,,,,,,,,,,,
20_0221_AR1_6.czi,1,22120,sample,A,6,,,,,,,,,,,,,,,,,
20_0221_AR1_7.czi,1,22120,sample,A,7,,,,,,,,,,,,,,,,,
20_0221_AR1_8.czi,1,22120,sample,A,8,,,,,,,,,,,,,,,,,
20_0221_AR2_1.czi,2,22120,sample,A,1,,,,,,,,,,,,,,,,,
20_0221_AR2_2.czi,2,22120,sample,A,2,,,,,,,,,,,,,,,,,
20_0221_AR2_3.czi,2,22120,sample,A,3,,,,,,,,,,,,,,,,,
20_0221_AR2_4.czi,2,22120,sample,A,4,,,,,,,,,,,,,,,,,
20_0221_AR2_5.czi,2,22120,sample,A,5,,,,,,,,,,,,,,,,,
20_0221_AR2_6.czi,2,22120,sample,A,6,,,,,,,,,,,,,,,,,
20_0221_AR2_snap1.czi,2,22120,discard,A,1,,,,,,,,,,,,,,,,,
20_0221_AR2_snap2.czi,2,22120,discard,A,2,,,,,,,,,,,,,,,,,
20_0221_AR2_snap3.czi,2,22120,discard,A,3,,,,,,,,,,,,,,,,,
20_0221_AR3_1.czi,3,22120,sample,A,1,,,,,,,,,,,,,,,,,
20_0221_AR3_2.czi,3,22120,sample,A,2,,,,,,,,,,,,,,,,,
20_0221_AR3_3.czi,3,22120,sample,A,3,,,,,,,,,,,,,,,,,
20_0221_AR3_4.czi,3,22120,sample,A,4,,,,,,,,,,,,,,,,,
20_0221_AR3_5.czi,3,22120,sample,A,5,,,,,,,,,,,,,,,,,
20_0221_AR3_6.czi,3,22120,sample,A,6,,,,,,,,,,,,,,,,,
20_0221_AR4_1.czi,4,22120,sample,A,1,,,,,,,,,,,,,,,,,
20_0221_AR4_10.czi,4,22120,sample,A,10,,,,,,,,,,,,,,,,,
20_0221_AR4_2.czi,4,22120,sample,A,2,,,,,,,,,,,,,,,,,
20_0221_AR4_3.czi,4,22120,sample,A,3,,,,,,,,,,,,,,,,,
20_0221_AR4_4.czi,4,22120,sample,A,4,,,,,,,,,,,,,,,,,
20_0221_AR4_5.czi,4,22120,sample,A,5,,,,,,,,,,,,,,,,,
20_0221_AR4_6.czi,4,22120,sample,A,6,,,,,,,,,,,,,,,,,
20_0221_AR4_7.czi,4,22120,sample,A,7,,,,,,,,,,,,,,,,,
20_0221_AR4_8.czi,4,22120,sample,A,8,,,,,,,,,,,,,,,,,
20_0221_AR4_9.czi,4,22120,sample,A,9,,,,,,,,,,,,,,,,,
20_0221_AR4_snap1.czi,4,22120,discard,A,1,,,,,,,,,,,,,,,,,
20_0221_AR4_snap2.czi,4,22120,discard,A,2,,,,,,,,,,,,,,,,,
20_0221_AR5_1.czi,5,22120,sample,A,1,,,,,,,,,,,,,,,,,
20_0221_AR5_2.czi,5,22120,sample,A,2,,,,,,,,,,,,,,,,,
20_0221_AR5_3.czi,5,22120,sample,A,3,,,,,,,,,,,,,,,,,
20_0221_AR5_4.czi,5,22120,sample,A,4,,,,,,,,,,,,,,,,,
20_0221_AR5_5.czi,5,22120,sample,A,5,,,,,,,,,,,,,,,,,
20_0221_AR5_6.czi,5,22120,sample,A,6,,,,,,,,,,,,,,,,,
20_0221_AR5_7.czi,5,22120,sample,A,7,,,,,,,,,,,,,,,,,
20_0422_AR1_1.czi,1,42220,sample,A,1,,,,,,,,,,,,,,,,,
20_0422_AR1_2.czi,1,42220,sample,A,2,,,,,,,,,,,,,,,,,
20_0422_AR1_3.czi,1,42220,sample,A,3,,,,,,,,,,,,,,,,,
20_0422_AR1_4.czi,1,42220,sample,A,4,,,,,,,,,,,,,,,,,
20_0422_AR1_5.czi,1,42220,sample,A,5,,,,,,,,,,,,,,,,,
20_0422_AR1_6.czi,1,42220,sample,A,6,,,,,,,,,,,,,,,,,
20_0422_AR1_7.czi,1,42220,sample,A,7,,,,,,,,,,,,,,,,,
20_0422_AR2_1.czi,2,42220,sample,A,1,,,,,,,,,,,,,,,,,
20_0422_AR2_2.czi,2,42220,sample,A,2,,,,,,,,,,,,,,,,,
20_0422_AR2_3.czi,2,42220,sample,A,3,,,,,,,,,,,,,,,,,
20_0422_AR2_4.czi,2,42220,sample,A,4,,,,,,,,,,,,,,,,,
20_0422_AR2_5.czi,2,42220,sample,A,5,,,,,,,,,,,,,,,,,
20_0422_AR2_6.czi,2,42220,sample,A,6,,,,,,,,,,,,,,,,,
20_0422_AR2_7.czi,2,42220,sample,A,7,,,,,,,,,,,,,,,,,
20_0422_AR3_1.czi,3,42220,sample,A,1,,,,,,,,,,,,,,,,,
20_0422_AR3_2.czi,3,42220,sample,A,2,,,,,,,,,,,,,,,,,
20_0422_AR3_3.czi,3,42220,sample,A,3,,,,,,,,,,,,,,,,,
20_0422_AR3_4.czi,3,42220,sample,A,4,,,,,,,,,,,,,,,,,
20_0422_AR3_5.czi,3,42220,sample,A,5,,,,,,,,,,,,,,,,,
20_0422_AR3_6.czi,3,42220,sample,A,6,,,,,,,,,,,,,,,,,
20_0422_AR3_7.czi,3,42220,sample,A,7,,,,,,,,,,,,,,,,,
20_0422_AR4_1.czi,4,42220,sample,A,1,,,,,,,,,,,,,,,,,
20_0422_AR4_2.czi,4,42220,sample,A,2,,,,,,,,,,,,,,,,,
20_0422_AR4_3.czi,4,42220,sample,A,3,,,,,,,,,,,,,,,,,
20_0422_AR4_4.czi,4,42220,sample,A,4,,,,,,,,,,,,,,,,,
20_0422_AR4_5.czi,4,42220,sample,A,5,,,,,,,,,,,,,,,,,
20_0422_AR4_6.czi,4,42220,sample,A,6,,,,,,,,,,,,,,,,,
20_0422_AR4_7.czi,4,42220,sample,A,7,,,,,,,,,,,,,,,,,
20_0422_AR5_1.czi,5,42220,sample,A,1,,,,,,,,,,,,,,,,,
20_0422_AR5_2.czi,5,42220,sample,A,2,,,,,,,,,,,,,,,,,
20_0422_AR5_3.czi,5,42220,sample,A,3,,,,,,,,,,,,,,,,,
20_0422_AR5_4.czi,5,42220,sample,A,4,,,,,,,,,,,,,,,,,
20_0422_AR5_5.czi,5,42220,sample,A,5,,,,,,,,,,,,,,,,,
20_0422_AR5_6.czi,5,42220,sample,A,6,,,,,,,,,,,,,,,,,
20_0422_AR5_7.czi,5,42220,sample,A,7,,,,,,,,,,,,,,,,,
,,,,,,,,,,,,,,,,,,,,,,
,,,,,,,,,,,,,,,,,,,,,,
19_1121_AR1_conA_Syto_sypro_1.czi,1,112119,sample,A,1,,,,,,,,,,,,,,,,,
19_1121_AR1_conA_Syto_sypro_2.czi,1,112119,sample,A,2,,,,,,,,,,,,,,,,,
19_1121_AR1_conA_Syto_sypro_3.czi,1,112119,sample,A,3,,,,,,,,,,,,,,,,,
19_1121_AR1_conA_Syto_sypro_4.czi,1,112119,sample,A,4,,,,,,,,,,,,,,,,,
19_1121_AR1_conA_Syto_sypro_5.czi,1,112119,sample,A,5,,,,,,,,,,,,,,,,,
19_1121_AR2_conA_Syto_sypro_1.czi,2,112119,sample,A,1,,,,,,,,,,,,,,,,,
19_1121_AR2_conA_Syto_sypro_2.czi,2,112119,sample,A,2,,,,,,,,,,,,,,,,,
19_1121_AR2_conA_Syto_sypro_3.czi,2,112119,sample,A,3,,,,,,,,,,,,,,,,,
19_1121_AR2_conA_Syto_sypro_4.czi,2,112119,sample,A,4,,,,,,,,,,,,,,,,,
19_1121_AR2_conA_Syto_sypro_5.czi,2,112119,sample,A,5,,,,,,,,,,,,,,,,,
19_1121_AR2_conA_Syto_sypro_6.czi,2,112119,sample,A,6,,,,,,,,,,,,,,,,,
19_1121_AR3_conA_Syto_sypro_1.czi,3,112119,sample,A,1,,,,,,,,,,,,,,,,,
19_1121_AR3_conA_Syto_sypro_2.czi,3,112119,sample,A,2,,,,,,,,,,,,,,,,,
19_1121_AR3_conA_Syto_sypro_3.czi,3,112119,sample,A,3,,,,,,,,,,,,,,,,,
19_1121_AR3_conA_Syto_sypro_4.czi,3,112119,sample,A,4,,,,,,,,,,,,,,,,,
19_1121_AR3_conA_Syto_sypro_5.czi,3,112119,sample,A,5,,,,,,,,,,,,,,,,,
19_1121_AR3_conA_Syto_sypro_6.czi,3,112119,sample,A,6,,,,,,,,,,,,,,,,,